{"d_model": 256, "nhead": 8, "batch_size": 32, "lr": 7.73220264611388e-05, "dropout": 0.3102876208762215}