{
    "w_stop": 1.0692264345171056,
    "w_long": 1.792536461156037,
    "w_super": 9.493135191125685,
    "lr": 0.0005178314811863563,
    "wd": 1.1649385242331816e-05,
    "dropout": 0.44200207428313976,
    "lbl_smooth": 0.09129475935994505
}