{
    "d_model": 256,
    "nhead": 8,
    "num_layers": 4,
    "lr": 4.960207884260574e-05,
    "dropout": 0.26949764335198967,
    "batch_size": 32
}