{
    "d_model": 256,
    "nhead": 4,
    "num_layers": 2,
    "lr": 2.8061799857489217e-05,
    "dropout": 0.23848900695713635,
    "batch_size": 64
}